{"cameraMode":{"drawMode":0,"name":"Shaded","section":"Shading Mode"},"sceneLighting":true,"audioPlay":false,"sceneViewState":{"showFog":true,"showMaterialUpdate":true,"showSkybox":true,"showFlares":true,"showImageEffects":true,"showParticleSystems":true,"showVisualEffectGraphs":true,"m_FxEnabled":true},"in2DMode":false,"pivot":{"x":8.202510833740235,"y":6.1694183349609379,"z":-1.0229969024658204},"rotation":{"x":-0.3007313907146454,"y":-0.006591854151338339,"z":0.0019215024076402188,"w":-0.953834056854248},"size":10.394731521606446,"orthographic":false}